[Header],,
IEMFileVersion,4,
Date,11/14/2017,
Workflow,GenerateFASTQ,
Application,HiSeq FASTQ Only,
Assay,Custom,
Description,Motrpac first 5x4 rat samples,
Chemistry,Default,
,,
[Reads],,
101,,
101,,
,,
[Data],,
Sample_ID,Sample_Name,index
M_S1,M_S1,GCCAGAAT
M_S2,M_S2,AATGACGC
M_S3,M_S3,GTACCACA
M_S4,M_S4,ACGATCAG
M_S5,M_S5,TAACGTCG
M_R1,M_R1,CGCAACTA
M_R2,M_R2,AACACTGG
M_R3,M_R3,CCTGTCAA
M_R4,M_R4,TCCTGGTA
M_R5,M_R5,CATCAACC
A_S1,A_S1,AGCAGACA
A_S2,A_S2,GAAGACTG
A_S3,A_S3,TCTAGTCC
A_S4,A_S4,CTCGACTT
A_S5,A_S5,CTAGCTCA
A_R1,A_R1,GCTCAGTT
A_R2,A_R2,GACATCTC
A_R3,A_R3,ACTGCACT
A_R4,A_R4,GTTCCATG
A_R5,A_R5,ACCAAGCA
